{
    "loss": 37.06863021850586,
    "accuracy": 0.5035971403121948
}