{
    "loss": 16.599332809448242,
    "accuracy": 0.5395683646202087
}